<BackupInst xmlns="http://www.microsoft.com/GroupPolicy/GPOOperations/Manifest"><GPOGuid><![CDATA[{E912B82F-B367-4C58-9E13-07AC0491F12F}]]></GPOGuid><GPODomain><![CDATA[security.local]]></GPODomain><GPODomainGuid><![CDATA[{1aa99723-c6bc-446c-aa05-83ce7e927986}]]></GPODomainGuid><GPODomainController><![CDATA[DC-SEC-01.security.local]]></GPODomainController><BackupTime><![CDATA[2019-05-20T19:13:17]]></BackupTime><ID><![CDATA[{03AE3824-FBFA-4760-BC66-B8A1E1E5F122}]]></ID><Comment><![CDATA[]]></Comment><GPODisplayName><![CDATA[MSFT Windows Server 1903 - Domain Controller Virtualization Based Security]]></GPODisplayName></BackupInst>
