<BackupInst xmlns="http://www.microsoft.com/GroupPolicy/GPOOperations/Manifest"><GPOGuid><![CDATA[{996B3F87-FC3E-4E1D-9194-77D5C77D5C22}]]></GPOGuid><GPODomain><![CDATA[security.local]]></GPODomain><GPODomainGuid><![CDATA[{1aa99723-c6bc-446c-aa05-83ce7e927986}]]></GPODomainGuid><GPODomainController><![CDATA[DC-SEC-01.security.local]]></GPODomainController><BackupTime><![CDATA[2019-05-20T19:13:17]]></BackupTime><ID><![CDATA[{ADD7EEAB-B8C4-457E-8424-9E7A1AB72897}]]></ID><Comment><![CDATA[]]></Comment><GPODisplayName><![CDATA[MSFT Windows Server 1903 - Member Server]]></GPODisplayName></BackupInst>
