<BackupInst xmlns="http://www.microsoft.com/GroupPolicy/GPOOperations/Manifest"><GPOGuid><![CDATA[{508FC842-BB2F-4E9A-95DE-0621A2E47D7B}]]></GPOGuid><GPODomain><![CDATA[security.local]]></GPODomain><GPODomainGuid><![CDATA[{1aa99723-c6bc-446c-aa05-83ce7e927986}]]></GPODomainGuid><GPODomainController><![CDATA[DC-SEC-01.security.local]]></GPODomainController><BackupTime><![CDATA[2019-05-20T19:13:13]]></BackupTime><ID><![CDATA[{1CA47B6D-E2C9-47E6-B118-3DA81F866C9F}]]></ID><Comment><![CDATA[]]></Comment><GPODisplayName><![CDATA[MSFT Windows 10 1903 - BitLocker]]></GPODisplayName></BackupInst>
