<BackupInst xmlns="http://www.microsoft.com/GroupPolicy/GPOOperations/Manifest"><GPOGuid><![CDATA[{0655E13C-1744-4738-9965-34FEB87A6430}]]></GPOGuid><GPODomain><![CDATA[security.local]]></GPODomain><GPODomainGuid><![CDATA[{1aa99723-c6bc-446c-aa05-83ce7e927986}]]></GPODomainGuid><GPODomainController><![CDATA[DC-SEC-01.security.local]]></GPODomainController><BackupTime><![CDATA[2019-05-20T19:13:11]]></BackupTime><ID><![CDATA[{709F36C5-8A36-4147-AD59-0E97BDC937E1}]]></ID><Comment><![CDATA[]]></Comment><GPODisplayName><![CDATA[MSFT Internet Explorer 11 - Computer]]></GPODisplayName></BackupInst>
